WORD_ID,VOCAB_WORD
0,ect
1,subject
2,hou
3,enron
4,com
5,deal
6,pleas
7,ga
8,meter
9,cc
10,pm
11,hpl
12,thank
13,need
14,e
15,daren
16,forward
17,price
18,corp
19,volum
20,know
21,day
22,get
23,new
24,compani
25,mmbtu
26,product
27,may
28,chang
29,j
30,inform
31,http
32,see
33,attach
34,nom
35,let
36,contract
37,time
38,farmer
39,l
40,month
41,would
42,messag
43,xl
44,nomin
45,mail
46,us
47,call
48,sale
49,one
50,follow
51,flow
52,use
53,juli
54,question
55,th
56,robert
57,email
58,sitara
59,ticket
60,p
61,want
62,file
63,look
64,texa
65,servic
66,energi
67,work
68,manag
69,report
70,list
71,number
72,sent
73,go
74,also
75,www
76,pec
77,ena
78,purchas
79,bob
80,actual
81,like
82,x
83,make
84,contact
85,order
86,receiv
87,market
88,origin
89,net
90,b
91,busi
92,take
93,system
94,c
95,back
96,effect
97,provid
98,schedul
99,account
100,avail
101,help
102,daili
103,secur
104,statement
105,per
106,includ
107,could
108,well
109,alloc
110,request
111,mari
112,gari
113,current
114,march
115,deliveri
116,stock
117,offer
118,trade
119,transport
120,offic
121,april
122,issu
123,invest
124,today
125,oper
126,first
127,week
128,rate
129,inc
130,font
131,set
132,free
133,year
134,r
135,plant
136,td
137,line
138,show
139,base
140,custom
141,name
142,addit
143,activ
144,creat
145,click
146,date
147,process
148,melissa
149,meet
150,revis
151,agreement
152,houston
153,send
154,fuel
155,group
156,vanc
157,teco
158,oil
159,ami
160,point
161,w
162,last
163,within
164,tenaska
165,fw
166,june
167,america
168,next
169,expect
170,think
171,januari
172,nbsp
173,georg
174,north
175,note
176,address
177,confirm
178,enter
179,smith
180,term
181,pat
182,f
183,total
184,two
185,less
186,path
187,updat
188,start
189,regard
190,save
191,desk
192,phone
193,plan
194,give
195,pipelin
196,come
197,k
198,complet
199,jacki
200,continu
201,check
202,h
203,best
204,due
205,height
206,high
207,develop
208,fax
209,mark
210,find
211,made
212,place
213,link
214,pill
215,aime
216,money
217,problem
218,onlin
219,special
220,tri
221,project
222,gener
223,lisa
224,hour
225,estim
226,transact
227,tap
228,size
229,requir
230,michael
231,u
232,co
233,team
234,n
235,david
236,octob
237,friday
238,review
239,susan
240,state
241,futur
242,august
243,hsc
244,end
245,pay
246,remov
247,move
248,interest
249,home
250,cotten
251,buy
252,john
253,iv
254,person
255,util
256,taylor
257,discuss
258,increas
259,counterparti
260,megan
261,mani
262,differ
263,internet
264,peopl
265,resourc
266,invoic
267,steve
268,chokshi
269,sure
270,correct
271,width
272,posit
273,industri
274,unit
275,fee
276,septemb
277,result
278,copi
279,still
280,good
281,risk
282,suppli
283,tom
284,right
285,duke
286,intern
287,fyi
288,perform
289,g
290,said
291,info
292,site
293,keep
294,hplc
295,decemb
296,novemb
297,cost
298,feb
299,global
300,control
301,believ
302,sinc
303,wellhead
304,tu
305,detail
306,spot
307,without
308,support
309,extend
310,monday
311,februari
312,center
313,way
314,ship
315,possibl
316,put
317,corpor
318,clyne
319,ask
320,window
321,access
322,respons
323,million
324,grave
325,eastran
326,sell
327,visit
328,lloyd
329,even
330,natur
331,share
332,news
333,jan
334,brian
335,employe
336,na
337,unifi
338,begin
339,power
340,v
341,advis
342,aol
343,young
344,softwar
345,data
346,book
347,limit
348,commun
349,produc
350,repli
351,demand
352,past
353,lee
354,id
355,locat
356,mobil
357,align
358,bill
359,abl
360,parti
361,great
362,must
363,form
364,computron
365,tx
366,pg
367,program
368,section
369,world
370,everi
371,st
372,thursday
373,act
374,much
375,part
376,txu
377,record
378,agre
379,approv
380,stop
381,tr
382,done
383,meyer
384,prior
385,technolog
386,option
387,howard
388,microsoft
389,gather
390,nd
391,long
392,hank
393,jame
394,face
395,hplno
396,notic
397,zero
398,read
399,final
400,say
401,thing
402,rita
403,lannou
404,dec
405,via
406,web
407,dollar
408,tuesday
409,field
410,assist
411,howev
412,feel
413,profession
414,handl
415,type
416,financi
417,applic
418,color
419,understand
420,releas
421,charg
422,talk
423,direct
424,period
425,deliv
426,track
427,pt
428,ad
429,someon
430,pop
431,error
432,thru
433,content
434,featur
435,user
436,mike
437,fact
438,doc
439,soon
440,firm
441,low
442,hope
443,border
444,cd
445,add
446,import
447,buyback
448,pef
449,paid
450,enronxg
451,close
452,spreadsheet
453,weissman
454,gc
455,wynn
456,cover
457,allen
458,cec
459,katherin
460,pipe
461,camp
462,index
463,indic
464,anyth
465,hi
466,event
467,caus
468,anoth
469,public
470,payment
471,either
472,carlo
473,jone
474,regist
475,page
476,hplo
477,href
478,select
479,logist
480,famili
481,relat
482,ls
483,valid
484,mean
485,ce
486,thu
487,sourc
488,advic
489,letter
490,intend
491,iferc
492,medic
493,allow
494,william
495,concern
496,explor
497,reflect
498,viagra
499,except
500,three
501,run
502,materi
503,present
504,imag
505,adjust
506,love
507,got
508,top
509,old
510,br
511,swing
512,wednesday
513,tax
514,imbal
515,ee
516,survey
517,anita
518,repres
519,websit
520,expir
521,item
522,equistar
523,kati
524,document
525,area
526,contain
527,case
528,full
529,better
530,partner
531,announc
532,amount
533,expens
534,fred
535,respect
536,suit
537,assign
538,citi
539,sherlyn
540,thought
541,storag
542,prescript
543,xp
544,adob
545,return
546,alreadi
547,entex
548,morn
549,open
550,involv
551,distribut
552,remain
553,might
554,sever
555,clear
556,qualiti
557,view
558,im
559,facil
560,src
561,scott
562,tess
563,clem
564,bank
565,download
566,reserv
567,watch
568,redeliveri
569,darren
570,exchang
571,credit
572,coastal
573,canada
574,newslett
575,suggest
576,littl
577,zone
578,hold
579,cut
580,alway
581,refer
582,valley
583,pass
584,ray
585,calpin
586,ciali
587,brenda
588,valu
589,action
590,reason
591,real
592,yahoo
593,transfer
594,tomorrow
595,comput
596,stephani
597,never
598,html
599,impact
600,around
601,midcon
602,gco
603,immedi
604,opportun
605,server
606,everyon
607,aep
608,game
609,lauri
610,de
611,cotton
612,later
613,donna
614,associ
615,loss
616,second
617,someth
618,solut
619,ranch
620,donald
621,weekend
622,stacey
623,fill
624,richard
625,head
626,big
627,karen
628,effort
629,commerci
630,parker
631,drug
632,cash
633,promot
634,wish
635,anyon
636,appear
637,network
638,yet
639,word
640,acton
641,properti
642,rodriguez
643,play
644,miss
645,investor
646,unsubscrib
647,arrang
648,outag
649,necessari
650,level
651,lst
652,prepar
653,hotmail
654,med
655,termin
656,publish
657,box
658,beaumont
659,soft
660,stone
661,east
662,life
663,sept
664,recent
665,asset
666,jim
667,sign
668,vlt
669,central
670,cornhusk
671,left
672,cynthia
673,charli
674,feedback
675,countri
676,carthag
677,fund
678,consid
679,shut
680,accept
681,member
682,owner
683,connect
684,legal
685,style
686,verifi
687,victor
688,portfolio
689,thoma
690,version
691,third
692,settlement
693,dave
694,receipt
695,schumack
696,easi
697,found
698,presid
699,claim
700,friend
701,execut
702,approxim
703,tell
704,success
705,write
706,hess
707,reinhardt
708,ic
709,identifi
710,major
711,titl
712,drive
713,retail
714,star
715,care
716,determin
717,ken
718,design
719,els
720,al
721,balanc
722,bring
723,small
724,edward
725,ms
726,basi
727,luong
728,ever
729,happen
730,rememb
731,resolv
732,union
733,answer
734,jeff
735,late
736,roll
737,wait
738,night
739,fix
740,appreci
741,channel
742,director
743,profil
744,cheryl
745,lsk
746,probabl
747,guarante
748,herod
749,hplnl
750,albrecht
751,man
752,potenti
753,methanol
754,reduc
755,side
756,express
757,specif
758,normal
759,mr
760,exxon
761,dow
762,lead
763,particip
764,mention
765,sorri
766,el
767,train
768,papayoti
769,white
770,live
771,decid
772,target
773,mid
774,therefor
775,capit
776,statu
777,paliourg
778,realli
779,bryan
780,depart
781,south
782,monthli
783,turn
784,dfarmer
785,password
786,pro
787,togeth
788,lamphier
789,edit
790,tab
791,valero
792,lot
793,travel
794,code
795,brand
796,privat
797,join
798,flash
799,growth
800,physic
801,format
802,thousand
803,shop
804,bridg
805,hear
806,anticip
807,submit
808,financ
809,everyth
810,print
811,health
812,doctor
813,voip
814,trader
815,text
816,strong
817,notifi
818,card
819,dy
820,cleburn
821,becom
822,jennif
823,longer
824,baumbach
825,ltd
826,reach
827,purpos
828,learn
829,revenu
830,poorman
831,afternoon
832,guy
833,neal
834,mailto
835,janet
836,la
837,build
838,devon
839,latest
840,individu
841,leav
842,short
843,liz
844,duti
845,matter
846,china
847,mg
848,test
849,kind
850,koch
851,hard
852,improv
853,experi
854,stay
855,oo
856,usa
857,given
858,stack
859,etc
860,enhanc
861,occur
862,php
863,awar
864,eol
865,london
866,readi
867,oasi
868,exist
869,lsp
870,rd
871,bgcolor
872,pain
873,lp
874,waha
875,dealer
876,load
877,minut
878,eb
879,stella
880,plu
881,ensur
882,packag
883,confidenti
884,staff
885,mcf
886,affili
887,worldwid
888,riley
889,noth
890,key
891,voic
892,sandi
893,gain
894,pc
895,factor
896,nation
897,lone
898,browser
899,told
900,enrononlin
901,accord
902,sat
903,cp
904,green
905,subscrib
906,enserch
907,profit
908,chanc
909,apach
910,prize
911,light
912,directli
913,sold
914,quick
915,larg
916,propos
917,initi
918,hall
919,stranger
920,cernosek
921,vacat
922,press
923,cs
924,park
925,step
926,away
927,comment
928,kevin
929,room
930,aepin
931,video
932,king
933,discount
934,mm
935,appli
936,nov
937,bellami
938,quot
939,teja
940,condit
941,gif
942,function
943,measur
944,ali
945,enjoy
946,spoke
947,dear
948,benefit
949,saturday
950,bodi
951,lose
952,men
953,wither
954,hey
955,idea
956,abil
957,instruct
958,age
959,hill
960,feder
961,tabl
962,morri
963,jpg
964,forc
965,interconnect
966,object
967,biz
968,charlott
969,boa
970,pull
971,though
972,standard
973,certain
974,middl
975,class
976,happi
977,whole
978,opinion
979,weight
980,referenc
981,commit
982,spam
983,seek
984,elizabeth
985,choos
986,beverli
987,american
988,mccoy
989,match
990,music
991,taken
992,player
993,protect
994,earli
995,draft
996,convers
997,oct
998,capac
999,analyst
1000,complianc
1001,avila
1002,bruce
1003,databas
1004,easttexa
1005,store
1006,research
1007,eric
1008,upon
1009,advanc
1010,safe
1011,land
1012,superti
1013,cdnow
1014,girl
1015,shell
1016,lamadrid
1017,hesco
1018,attent
1019,nguyen
1020,other
1021,salli
1022,god
1023,took
1024,pictur
1025,spring
1026,walker
1027,carri
1028,electr
1029,four
1030,monitor
1031,herrera
1032,consult
1033,hakemack
1034,gpgfin
1035,coupl
1036,entir
1037,agent
1038,vol
1039,non
1040,pool
1041,tammi
1042,dan
1043,sun
1044,kill
1045,super
1046,excess
1047,johnson
1048,quantiti
1049,enough
1050,paso
1051,tina
1052,hello
1053,affect
1054,hr
1055,earl
1056,mind
1057,mar
1058,post
1059,reader
1060,ed
1061,averag
1062,sunday
1063,model
1064,fast
1065,kc
1066,govern
1067,uncertainti
1068,rc
1069,shall
1070,earn
1071,lower
1072,eileen
1073,licens
1074,cheap
1075,pick
1076,respond
1077,hub
1078,mx
1079,simpli
1080,terri
1081,organ
1082,wide
1083,pharmaci
1084,img
1085,ye
1086,reliantenergi
1087,school
1088,expedia
1089,photoshop
1090,acquisit
1091,perfect
1092,entri
1093,phillip
1094,went
1095,role
1096,valign
1097,assum
1098,tel
1099,plain
1100,seem
1101,kimberli
1102,consum
1103,sex
1104,black
1105,button
1106,rebecca
1107,half
1108,air
1109,transit
1110,coordin
1111,broker
1112,leader
1113,ponton
1114,enw
1115,shown
1116,gome
1117,tool
1118,attend
1119,yesterday
1120,ok
1121,appropri
1122,administr
1123,cell
1124,enerfin
1125,histori
1126,draw
1127,btu
1128,gulf
1129,christi
1130,intrast
1131,mop
1132,competit
1133,blue
1134,neon
1135,gift
1136,goal
1137,ext
1138,dynegi
1139,tisdal
1140,hot
1141,rest
1142,div
1143,relief
1144,ceo
1145,san
1146,matt
1147,stori
1148,htm
1149,river
1150,sheet
1151,resum
1152,hotlist
1153,counti
1154,moopid
1155,tetco
1156,assur
1157,dell
1158,instal
1159,none
1160,advantag
1161,grant
1162,epson
1163,paper
1164,near
1165,quit
1166,situat
1167,jill
1168,recommend
1169,mckay
1170,kim
1171,fine
1172,asap
1173,chad
1174,hous
1175,negoti
1176,greater
1177,cours
1178,ago
1179,neuweil
1180,fwd
1181,integr
1182,copano
1183,digit
1184,structur
1185,california
1186,dvd
1187,whether
1188,excit
1189,delta
1190,holm
1191,charlen
1192,agenc
1193,jo
1194,fun
1195,mill
1196,job
1197,stephen
1198,ua
1199,search
1200,exampl
1201,paragraph
1202,mine
1203,five
1204,previous
1205,gtc
1206,sincer
1207,rule
1208,louisiana
1209,daniel
1210,held
1211,fare
1212,drill
1213,petroleum
1214,panenergi
1215,xanax
1216,kelli
1217,chri
1218,bad
1219,svc
1220,gr
1221,heard
1222,greg
1223,collect
1224,decis
1225,htmlimg
1226,olsen
1227,outstand
1228,exactli
1229,instant
1230,tufco
1231,compar
1232,media
1233,rick
1234,heidi
1235,colspan
1236,serv
1237,histor
1238,stand
1239,senior
1240,manual
1241,holiday
1242,linda
1243,common
1244,valadez
1245,prefer
1246,evergreen
1247,grow
1248,multipl
1249,walter
1250,pinion
1251,certif
1252,entiti
1253,environ
1254,corel
1255,region
1256,southern
1257,welcom
1258,macromedia
1259,exclus
1260,wi
1261,liquid
1262,assumpt
1263,morgan
1264,compens
1265,eye
1266,west
1267,variou
1268,advertis
1269,similar
1270,station
1271,prc
1272,bid
1273,quarter
1274,rolex
1275,invit
1276,local
1277,annual
1278,analysi
1279,cass
1280,est
1281,bit
1282,fri
1283,valium
1284,knle
1285,hotel
1286,brown
1287,came
1288,author
1289,hundr
1290,owe
1291,polici
1292,car
1293,sa
1294,dth
1295,acquir
1296,summari
1297,spinnak
1298,huge
1299,categori
1300,avoid
1301,foreign
1302,worth
1303,unaccount
1304,women
1305,advisor
1306,brazo
1307,wast
1308,demokrito
1309,iit
1310,trevino
1311,winfre
1312,export
1313,expand
1314,conflict
1315,red
1316,paul
1317,dalla
1318,epgt
1319,aug
1320,clean
1321,obtain
1322,intel
1323,correctli
1324,column
1325,kenneth
1326,delet
1327,goe
1328,across
1329,enterpris
1330,bought
1331,instead
1332,reveffo
1333,troy
1334,door
1335,wholesal
1336,sharehold
1337,remind
1338,maintain
1339,pre
1340,ricki
1341,die
1342,q
1343,own
1344,board
1345,win
1346,calendar
1347,extens
1348,crosstex
1349,lonestar
1350,realloc
1351,usag
1352,focu
1353,ei
1354,ca
1355,buyer
1356,martin
1357,known
1358,erect
1359,broadband
1360,europ
1361,hanson
1362,ew
1363,educ
1364,logo
1365,ibm
1366,registr
1367,chairman
1368,screen
1369,sec
1370,alert
1371,prod
1372,jackson
1373,higher
1374,mtr
1375,wrong
1376,golf
1377,schneider
1378,launch
1379,award
1380,calcul
1381,specul
1382,committe
1383,descript
1384,along
1385,apr
1386,cpr
1387,llc
1388,input
1389,congratul
1390,least
1391,encina
1392,combin
1393,creativ
1394,iii
1395,elect
1396,texaco
1397,mainten
1398,trademark
1399,gd
1400,csiko
1401,trip
1402,goliad
1403,equip
1404,harri
1405,speed
1406,wilson
1407,recipi
1408,gold
1409,yvett
1410,altern
1411,cross
1412,lake
1413,archer
1414,varianc
1415,wed
1416,contribut
1417,hit
1418,notif
1419,rank
1420,basin
1421,road
1422,pager
1423,peni
1424,primari
1425,billion
1426,jeffrey
1427,rx
1428,parent
1429,drop
1430,rnd
1431,sexual
1432,captur
1433,transmiss
1434,rang
1435,russ
1436,ex
1437,mcmill
1438,break
1439,strategi
1440,dr
1441,engag
1442,patti
1443,law
1444,street
1445,usb
1446,discrep
1447,children
1448,bankruptci
1449,treat
1450,interview
1451,met
1452,critic
1453,royal
1454,solicit
1455,movi
1456,gdp
1457,coupon
1458,intent
1459,cf
1460,afford
1461,swift
1462,hillari
1463,kristen
1464,beati
1465,sullivan
1466,marta
1467,brandywin
1468,jebel
1469,extra
1470,wife
1471,procedur
1472,quickli
1473,far
1474,automat
1475,upgrad
1476,walli
1477,replac
1478,ook
1479,implement
1480,texoma
1481,port
1482,seen
1483,hernandez
1484,henderson
1485,popular
1486,floor
1487,percent
1488,experienc
1489,sweeney
1490,budget
1491,preliminari
1492,gisb
1493,vs
1494,sit
1495,compaq
1496,citibank
1497,oi
1498,mitchel
1499,insid
1500,hand
1501,hawkin
1502,gave
1503,rais
1504,baxter
1505,inher
1506,spend
1507,sabra
1508,guess
1509,seaman
1510,telephon
1511,elimin
1512,season
1513,earlier
1514,en
1515,father
1516,herein
1517,kathi
1518,wireless
1519,memo
1520,signific
1521,accomplish
1522,mazowita
1523,buddi
1524,alt
1525,deposit
1526,uniqu
1527,z
1528,singl
1529,hl
1530,lindley
1531,sport
1532,cap
1533,privaci
1534,emerg
1535,equiti
1536,joann
1537,log
1538,yap
1539,mayb
1540,restrict
1541,client
1542,six
1543,extern
1544,pgev
1545,gra
1546,sap
1547,warn
1548,toward
1549,amazon
1550,highli
1551,somehow
1552,dilig
1553,soni
1554,kinsey
1555,canon
1556,centana
1557,suzann
1558,wonder
1559,inch
1560,lowest
1561,gb
1562,confer
1563,outsid
1564,correspond
1565,among
1566,insur
1567,smoke
1568,chemic
1569,da
1570,econom
1571,darial
1572,separ
1573,mo
1574,hull
1575,commod
1576,discov
1577,achiev
1578,juno
1579,charl
1580,minimum
1581,art
1582,true
1583,behalf
1584,richmond
1585,commiss
1586,sound
1587,electron
1588,urgent
1589,wa
1590,pertain
1591,attempt
1592,rm
1593,cabl
1594,pena
1595,understood
1596,manufactur
1597,establish
1598,bottom
1599,fat
1600,steven
1601,realiz
1602,decreas
1603,carrier
1604,nick
1605,et
1606,lesli
1607,migrat
1608,hplnol
1609,gottlob
1610,msn
1611,prayer
1612,previou
1613,baseload
1614,clearanc
1615,diamond
1616,davi
1617,austin
1618,cowboy
1619,accuraci
1620,reliabl
1621,lesson
1622,rather
1623,mix
1624,membership
1625,braband
1626,villarr
1627,bryce
1628,cartwheel
1629,regul
1630,glover
1631,split
1632,resel
1633,explod
1634,kept
1635,bammel
1636,clickathom
1637,conveni
1638,technoiogi
1639,reliant
1640,chief
1641,kathryn
1642,summer
1643,entertain
1644,predict
1645,venturato
1646,winner
1647,worksheet
1648,shipper
1649,cancel
1650,ocean
1651,throughout
1652,vaughn
1653,offici
1654,photo
1655,gotten
1656,josey
1657,dudley
1658,count
1659,tim
1660,behind
1661,graphic
1662,lost
1663,tailgat
1664,hospit
1665,ventur
1666,devic
1667,reduct
1668,guadalup
1669,unabl
1670,min
1671,merchant
1672,complaint
1673,mb
1674,touch
1675,repair
1676,definit
1677,symbol
1678,sleep
1679,ftar
1680,prevent
1681,sometim
1682,ct
1683,outlook
1684,driver
1685,cisco
1686,engin
1687,capabl
1688,tie
1689,connor
1690,pcx
1691,mile
1692,toshiba
1693,overnight
1694,crude
1695,front
1696,heart
1697,otherwis
1698,specialist
1699,cindi
1700,commenc
1701,master
1702,hp
1703,cook
1704,degre
1705,constitut
1706,meredith
1707,stretch
1708,consist
1709,hugh
1710,egmnom
1711,romeo
1712,doubl
1713,cent
1714,hplr
1715,garrick
1716,mack
1717,congress
1718,explain
1719,child
1720,arriv
1721,zivley
1722,victoria
1723,fall
1724,finish
1725,conduct
1726,cherri
1727,bed
1728,almost
1729,comfort
1730,conni
1731,benedict
1732,reev
1733,jr
1734,viewson
1735,palestinian
1736,joani
1737,rev
1738,delay
1739,seller
1740,island
1741,fontfont
1742,lo
1743,ftworth
1744,oblig
1745,session
1746,org
1747,vicodin
1748,soma
1749,legisl
1750,desir
1751,mtbe
1752,sum
1753,trust
1754,elsa
1755,sea
1756,brent
1757,kid
1758,nomad
1759,rock
1760,introduc
1761,confus
1762,practic
1763,appoint
1764,exercis
1765,qualifi
1766,se
1767,sampl
1768,leas
1769,cellpad
1770,resolut
1771,knowledg
1772,deveiop
1773,speckel
1774,vice
1775,stuff
1776,deadlin
1777,main
1778,aim
1779,relationship
1780,shawna
1781,excel
1782,robot
1783,amend
1784,pep
1785,heather
1786,laura
1787,consolid
1788,frank
1789,deer
1790,salari
1791,eff
1792,greif
1793,forget
1794,resuit
1795,european
1796,hewlett
1797,tv
1798,sd
1799,fire
1800,materia
1801,eiben
1802,pack
1803,choic
1804,tournament
1805,enquiri
1806,speak
1807,built
1808,pressur
1809,burn
1810,topica
1811,bobbi
1812,gmt
1813,robin
1814,confid
1815,nice
1816,weather
1817,sr
1818,debbi
1819,club
1820,lon
1821,seat
1822,pic
1823,luck
1824,laptop
1825,lotteri
1826,languag
1827,ferc
1828,cilco
1829,flag
1830,highlight
1831,whatev
1832,explos
1833,ball
1834,griffin
1835,severson
1836,dial
1837,enabl
1838,replica
1839,disclos
1840,consemiu
1841,dolphin
1842,attack
1843,packard
1844,fl
1845,payrol
1846,simpl
1847,unless
1848,iomega
1849,studi
1850,customerservic
1851,jaquet
1852,un
1853,treatment
1854,targu
1855,intellinet
1856,edmondson
1857,aopen
1858,son
1859,apc
1860,crow
1861,flight
1862,hol
1863,expert
1864,beck
1865,personnel
1866,usual
1867,attract
1868,tech
1869,loui
1870,uae
1871,foot
1872,emir
1873,technic
1874,fulli
1875,tonight
1876,sharon
1877,constru
1878,ft
1879,platform
1880,larri
1881,premium
1882,husband
1883,airmail
1884,relax
1885,ahead
1886,sean
1887,offshor
1888,blank
1889,cart
1890,belief
1891,charset
1892,approx
1893,le
1894,town
1895,aquila
1896,flynn
1897,ram
1898,depress
1899,notebook
1900,drink
1901,briley
1902,cooper
1903,premier
1904,sole
1905,miner
1906,sheri
1907,saw
1908,itoy
1909,otc
1910,cal
1911,eel
1912,jason
1913,forecast
1914,edu
1915,anti
1916,spencer
1917,stream
1918,lyondel
1919,sponsor
1920,audit
1921,leth
1922,kyle
1923,listbot
1924,encourag
1925,payback
1926,intercompani
1927,transco
1928,effici
1929,heal
1930,gay
1931,resid
1932,zonedubai
1933,duplic
1934,memori
1935,skill
1936,muscl
1937,extrem
1938,pl
1939,accur
1940,aeor
1941,regular
1942,coast
1943,fit
1944,display
1945,norton
1946,map
1947,modifi
1948,tier
1949,pretti
1950,cokino
1951,molli
1952,ngo
1953,auto
1954,appar
1955,beauti
1956,patch
1957,although
1958,cold
1959,particular
1960,usd
1961,loan
1962,intraday
1963,benoit
1964,femal
1965,marlen
1966,joe
1967,opm
1968,brennan
1969,space
1970,percentag
1971,forese
1972,oem
1973,tape
1974,otcbb
1975,provis
1976,proper
1977,colleg
1978,studio
1979,solid
1980,bar
1981,julia
1982,vi
1983,portion
1984,redmond
1985,reward
1986,multi
1987,conoco
1988,anderson
1989,ann
1990,consent
1991,anyway
1992,sector
1993,sender
1994,intra
1995,depend
1996,often
1997,partnership
1998,dian
1999,proven
2000,internationa
2001,written
2002,float
2003,nt
2004,highest
2005,gateway
2006,guid
2007,hilliard
2008,noon
2009,vega
2010,inciud
2011,medicin
2012,illustr
2013,incorrect
2014,penni
2015,gone
2016,evalu
2017,anywher
2018,enlarg
2019,approach
2020,block
2021,accessori
2022,jerri
2023,absolut
2024,troubl
2025,increment
2026,hesit
2027,bane
2028,remot
2029,tag
2030,metal
2031,moment
2032,pa
2033,largest
2034,hydrocarbon
2035,beliz
2036,silver
2037,shari
2038,jay
2039,spain
2040,ac
2041,adult
2042,autom
2043,todd
2044,patient
2045,hector
2046,prospect
2047,celebr
2048,joint
2049,imagin
2050,amaz
2051,pleasur
2052,login
2053,easili
2054,nommensen
2055,prompt
2056,arial
2057,republ
2058,eddi
2059,humbl
2060,dawn
2061,incom
2062,rich
2063,exact
2064,inactiv
2065,peggi
2066,verdana
2067,forev
2068,ti
2069,lock
2070,midstream
2071,tongu
2072,dulc
2073,darrel
2074,appl
2075,flexibl
2076,cum
2077,expatri
2078,chevron
2079,shipment
2080,militari
2081,li
2082,adam
2083,imit
2084,aerofoam
2085,pray
2086,ref
2087,alon
2088,pubiish
2089,nat
2090,comstock
2091,garden
2092,randal
2093,wc
2094,ii
2095,po
2096,self
2097,marlin
2098,suppos
2099,deduct
2100,maximum
2101,impot
2102,wysak
2103,header
2104,unlimit
2105,woman
2106,solmonson
2107,campaign
2108,em
2109,topic
2110,esther
2111,facilit
2112,ail
2113,toni
2114,abdv
2115,proprietari
2116,univers
2117,piec
2118,cowtrap
2119,sdsnom
2120,prohibit
2121,pi
2122,batteri
2123,beach
2124,netco
2125,brad
2126,craig
2127,properli
2128,brief
2129,televis
2130,valuabl
2131,eogi
2132,sofftwaar
2133,shorelin
2134,rom
2135,und
2136,protocol
2137,filter
2138,netherland
2139,ia
2140,eat
2141,compressor
2142,tue
2143,investig
2144,defens
2145,ng
2146,eight
2147,urbanek
2148,blood
2149,aid
2150,wiil
2151,secret
2152,ecom
2153,barrett
2154,franklin
2155,auction
2156,circul
2157,male
2158,proceed
2159,york
2160,fear
2161,valv
2162,agua
2163,discret
2164,staci
2165,cousino
2166,jack
2167,supplier
2168,africa
2169,ec
2170,walk
2171,okay
2172,florida
2173,anytim
2174,cannon
2175,wire
2176,tommi
2177,method
2178,modem
2179,ladi
2180,accordingli
2181,tripl
2182,url
2183,camera
2184,equal
2185,cellspac
2186,prime
2187,describ
2188,court
2189,babi
2190,aggress
2191,compet
2192,mailbox
2193,interfac
2194,batch
2195,danni
2196,atleast
2197,dl
2198,ffffff
2199,sort
2200,pend
2201,adoni
2202,dosag
2203,recal
2204,suspend
2205,mortgag
2206,caution
2207,torch
2208,length
2209,carbid
2210,consider
2211,figur
2212,rental
2213,meant
2214,mi
2215,hottlist
2216,massiv
2217,safeti
2218,max
2219,eog
2220,merger
2221,dedic
2222,locker
2223,church
2224,convert
2225,round
2226,phentermin
2227,bretz
2228,impress
2229,giron
2230,strictli
2231,richardson
2232,permit
2233,sarco
2234,human
2235,interrupt
2236,host
2237,patent
2238,martinez
2239,metabol
2240,wil
2241,rusti
2242,verif
2243,tennesse
2244,tessi
2245,darron
2246,nathan
2247,settl
2248,song
2249,undervalu
2250,diet
2251,dose
2252,relianc
2253,hair
2254,arm
2255,rr
2256,creek
2257,guest
2258,mcloughlin
2259,ph
2260,curv
2261,prove
2262,larger
2263,fortun
2264,ci
2265,perman
2266,ten
2267,cashout
2268,lie
2269,ryan
2270,intellig
2271,candid
2272,signatur
2273,choat
2274,sp
2275,formula
2276,wind
2277,seneca
2278,christma
2279,minim
2280,mcgee
2281,hire
2282,coffey
2283,pico
2284,bowen
2285,will
2286,australia
2287,construct
2288,medium
2289,hate
2290,oba
2291,prozac
2292,hassl
2293,angel
2294,imceanot
2295,employ
2296,couid
2297,fda
2298,serial
2299,brought
2300,squar
2301,zajac
2302,edi
2303,egm
2304,ra
2305,den
2306,began
2307,beemer
2308,gap
2309,rel
2310,favor
2311,trochta
2312,exhibit
2313,smart
2314,campo
2315,student
2316,tire
2317,dale
2318,lay
2319,forth
2320,cia
2321,progress
2322,compil
2323,oh
2324,writeoff
2325,organiz
2326,varieti
2327,melba
2328,debt
2329,ifhsc
2330,worri
2331,offset
2332,sir
2333,reli
2334,christian
2335,vari
2336,chase
2337,boost
2338,superior
2339,discreet
2340,theresa
2341,rewrit
2342,ur
2343,joseph
2344,easier
2345,satisfi
2346,kin
2347,att
2348,biggest
2349,defin
2350,domest
2351,assess
2352,eex
2353,shot
2354,royalti
2355,ya
2356,tirr
2357,xm
2358,incred
2359,tour
2360,pieas
2361,brbr
2362,pig
2363,listen
2364,roger
2365,gerald
2366,boy
2367,focus
2368,majeur
2369,dewpoint
2370,switch
2371,solv
2372,glad
2373,stress
2374,alcohol
2375,wayn
2376,connevey
2377,ident
2378,independ
2379,distributorjebel
2380,hodg
2381,fail
2382,ehronlin
2383,setup
2384,gloria
2385,failur
2386,tadalafil
2387,death
2388,spent
2389,hc
2390,ion
2391,anxieti
2392,familiar
2393,euro
2394,mip
2395,prioriti
2396,staf
2397,desktop
2398,sunsail
2399,nascar
2400,edg
2401,pinnacl
2402,war
2403,codi
2404,innov
2405,ascii
2406,spur
2407,opt
2408,sarmiento
2409,vicent
2410,omit
2411,bass
2412,canadian
2413,consequ
2414,thorough
2415,optim
2416,trisha
2417,patricia
2418,seven
2419,overal
2420,gate
2421,asp
2422,mgmt
2423,motor
2424,manner
2425,kerr
2426,ne
2427,catch
2428,uk
2429,redeliv
2430,clarif
2431,lunch
2432,tiger
2433,absenc
2434,editor
2435,ingredi
2436,upstream
2437,heavi
2438,litig
2439,sutton
2440,techlit
2441,disclosur
2442,kara
2443,becki
2444,unfortun
2445,core
2446,marshal
2447,gore
2448,exceed
2449,ut
2450,farm
2451,margin
2452,ownership
2453,neg
2454,souza
2455,comprehens
2456,calgari
2457,mother
2458,iso
2459,bowl
2460,till
2461,pvr
2462,regardless
2463,aspect
2464,pure
2465,gov
2466,kristin
2467,caribbean
2468,gregori
2469,miller
2470,nelson
2471,isc
2472,wild
2473,moshou
2474,skin
2475,artpric
2476,refin
2477,twenti
2478,vlagra
2479,destin
2480,carol
2481,carter
2482,ea
2483,ambien
2484,vintag
2485,mime
2486,lucki
2487,henc
2488,mai
2489,cheapest
2490,especi
2491,apolog
2492,strateg
2493,feed
2494,harrison
2495,microcap
2496,embed
2497,winter
2498,rise
2499,therein
